id,first_name,last_name,email,gender,ip_address
1,Cheryl,Edwards,cedwards0@delicious.com,Female,2015-08-09 21:33:40
2,Rose,Anderson,randerson1@sourceforge.net,Female,2015-12-26 07:53:00
3,Bobby,Gilbert,bgilbert2@fema.gov,Male,2016-04-21 03:54:51
4,Nancy,Elliott,nelliott3@myspace.com,Female,2015-09-28 10:10:50
5,Diane,Hunt,dhunt4@vistaprint.com,Female,2015-09-27 05:30:00
6,Wanda,Henderson,whenderson5@oakley.com,Female,2016-03-26 11:29:32
7,Todd,Carr,tcarr6@ning.com,Male,2016-02-17 04:42:26
8,Judy,Crawford,jcrawford7@whitehouse.gov,Female,2015-11-01 13:41:11
9,George,Walker,gwalker8@house.gov,Male,2015-07-15 19:30:21
10,Cheryl,Morrison,cmorrison9@myspace.com,Female,2015-11-23 23:33:18
11,Brenda,Sanders,bsandersa@imgur.com,Female,2016-02-16 04:21:21
12,Michael,Gomez,mgomezb@soundcloud.com,Male,2015-07-15 17:18:26
13,Albert,Lynch,alynchc@nba.com,Male,2015-10-09 07:03:44
14,Ronald,Burke,rburked@wufoo.com,Male,2015-09-17 06:47:40
15,Eugene,Barnes,ebarnese@wikipedia.org,Male,2015-07-25 18:35:29
16,Debra,Robinson,drobinsonf@virginia.edu,Female,2016-04-09 04:07:09
17,Virginia,Gardner,vgardnerg@scientificamerican.com,Female,2015-10-05 12:58:52
18,Scott,Harris,sharrish@surveymonkey.com,Male,2015-08-06 11:54:12
19,Sean,Hernandez,shernandezi@economist.com,Male,2016-06-13 03:03:01
20,Brandon,Wheeler,bwheelerj@addthis.com,Male,2015-07-09 05:00:32
21,Mark,Hamilton,mhamiltonk@pcworld.com,Male,2016-02-15 06:16:50
22,Sharon,Little,slittlel@tiny.cc,Female,2016-01-07 15:32:04
23,Patrick,Jacobs,pjacobsm@imgur.com,Male,2015-11-05 10:16:49
24,Donna,Wallace,dwallacen@nps.gov,Female,2015-08-06 10:31:44
25,Elizabeth,Spencer,espencero@ustream.tv,Female,2016-03-16 01:30:19
26,Douglas,Schmidt,dschmidtp@jalbum.net,Male,2016-02-08 09:02:31
27,Kimberly,Payne,kpayneq@imgur.com,Female,2016-04-11 12:43:01
28,Susan,Rose,sroser@springer.com,Female,2016-04-08 10:01:16
29,Laura,Sanders,lsanderss@lycos.com,Female,2016-04-14 19:14:57
30,Arthur,Alvarez,aalvarezt@mac.com,Male,2015-12-06 08:11:57
31,Raymond,Palmer,rpalmeru@furl.net,Male,2015-08-23 23:04:50
32,Louis,Hicks,lhicksv@symantec.com,Male,2015-11-14 06:56:26
33,Emily,Wilson,ewilsonw@usa.gov,Female,2015-07-07 08:07:46
34,Chris,Moore,cmoorex@japanpost.jp,Male,2016-03-06 05:44:40
35,Judith,Wright,jwrighty@altervista.org,Female,2016-02-07 18:34:10
36,Andrew,West,awestz@ted.com,Male,2016-04-16 17:00:54
37,Roy,Russell,rrussell10@mac.com,Male,2015-07-18 17:12:15
38,Janice,Gardner,jgardner11@nifty.com,Female,2016-04-17 09:12:22
39,Louis,Pierce,lpierce12@rakuten.co.jp,Male,2015-09-07 20:11:24
40,Margaret,Garza,mgarza13@yahoo.co.jp,Female,2016-05-27 20:01:32
41,Rose,Bradley,rbradley14@etsy.com,Female,2016-05-07 01:41:33
42,Douglas,White,dwhite15@microsoft.com,Male,2015-09-01 19:08:07
43,Angela,Holmes,aholmes16@narod.ru,Female,2015-08-31 08:43:49
44,Frank,Carr,fcarr17@samsung.com,Male,2015-08-29 16:13:15
45,Wayne,Henderson,whenderson18@com.com,Male,2016-06-15 07:49:02
46,Harold,Wagner,hwagner19@sina.com.cn,Male,2015-12-06 14:47:33
47,Amanda,Gardner,agardner1a@purevolume.com,Female,2015-10-21 00:07:59
48,James,Price,jprice1b@godaddy.com,Male,2015-09-18 21:45:27
49,Anna,George,ageorge1c@joomla.org,Female,2016-01-27 21:22:57
50,Sara,Wells,swells1d@yolasite.com,Female,2016-04-17 22:46:19
51,Robin,Frazier,rfrazier1e@symantec.com,Female,2015-09-17 08:09:48
52,Chris,Johnston,cjohnston1f@wunderground.com,Male,2016-05-22 05:27:40
53,Sharon,Gonzalez,sgonzalez1g@twitpic.com,Female,2015-12-01 07:46:13
54,Jeffrey,Cooper,jcooper1h@privacy.gov.au,Male,2016-04-29 19:59:59
55,Brian,Hall,bhall1i@stumbleupon.com,Male,2016-01-11 01:37:11
56,Stephanie,Dean,sdean1j@wsj.com,Female,2015-12-05 10:50:40
57,Norma,Evans,nevans1k@ft.com,Female,2015-08-13 07:13:52
58,Michael,Perez,mperez1l@narod.ru,Male,2016-01-03 07:50:50
59,Evelyn,Russell,erussell1m@umich.edu,Female,2015-07-30 10:35:58
60,Cynthia,Williams,cwilliams1n@posterous.com,Female,2015-12-14 02:07:42
61,Kathy,Bell,kbell1o@disqus.com,Female,2015-09-20 14:08:05
62,Maria,Day,mday1p@list-manage.com,Female,2016-05-20 13:36:12
63,John,Patterson,jpatterson1q@howstuffworks.com,Male,2016-06-28 02:18:14
64,George,Reynolds,greynolds1r@census.gov,Male,2016-02-07 14:54:41
65,Kathy,Jones,kjones1s@php.net,Female,2016-02-15 06:39:45
66,Steve,Morrison,smorrison1t@friendfeed.com,Male,2015-10-07 21:27:51
67,Wayne,Armstrong,warmstrong1u@g.co,Male,2015-09-11 19:21:06
68,Jessica,Diaz,jdiaz1v@stumbleupon.com,Female,2015-09-08 15:51:18
69,Johnny,Peters,jpeters1w@earthlink.net,Male,2016-05-06 00:29:38
70,Howard,Freeman,hfreeman1x@w3.org,Male,2015-11-22 22:50:10
71,Jack,Carter,jcarter1y@meetup.com,Male,2015-09-19 19:55:20
72,Judith,Gordon,jgordon1z@engadget.com,Female,2016-04-21 13:17:23
73,Beverly,Bowman,bbowman20@java.com,Female,2016-02-02 17:15:47
74,Jason,Elliott,jelliott21@canalblog.com,Male,2016-05-30 18:19:42
75,Christine,Parker,cparker22@cam.ac.uk,Female,2015-12-14 14:12:38
76,Mary,Nelson,mnelson23@goo.gl,Female,2016-01-10 02:05:03
77,Alice,Black,ablack24@e-recht24.de,Female,2015-12-17 13:03:59
78,Evelyn,Mccoy,emccoy25@hugedomains.com,Female,2015-11-29 17:45:33
79,Jack,Stephens,jstephens26@etsy.com,Male,2015-10-18 02:40:50
80,Louis,Cunningham,lcunningham27@smh.com.au,Male,2015-10-25 17:13:08
81,Jack,Wright,jwright28@hud.gov,Male,2015-11-29 04:46:57
82,Kimberly,Ruiz,kruiz29@live.com,Female,2015-11-23 10:42:06
83,Theresa,Foster,tfoster2a@instagram.com,Female,2016-04-23 11:36:20
84,Carlos,Sanchez,csanchez2b@artisteer.com,Male,2016-03-21 06:09:11
85,Randy,Riley,rriley2c@vimeo.com,Male,2016-04-16 10:19:20
86,James,Hudson,jhudson2d@amazon.co.jp,Male,2016-03-27 05:13:59
87,Eric,Brown,ebrown2e@wiley.com,Male,2016-05-28 17:19:49
88,Margaret,Morrison,mmorrison2f@hatena.ne.jp,Female,2016-06-02 03:50:48
89,Edward,Alvarez,ealvarez2g@w3.org,Male,2015-12-25 21:40:12
90,William,Moore,wmoore2h@nifty.com,Male,2015-11-11 16:40:00
91,Annie,Washington,awashington2i@sphinn.com,Female,2016-03-14 16:41:25
92,Jason,Washington,jwashington2j@wp.com,Male,2015-08-20 21:54:22
93,Anna,Reyes,areyes2k@wsj.com,Female,2016-03-04 11:25:10
94,Debra,Austin,daustin2l@java.com,Female,2016-02-20 02:42:30
95,Christina,White,cwhite2m@prlog.org,Female,2016-05-02 19:21:07
96,Kathy,Phillips,kphillips2n@theglobeandmail.com,Female,2015-10-16 06:15:28
97,Ronald,Black,rblack2o@aol.com,Male,2015-06-30 02:17:51
98,Gerald,Romero,gromero2p@chicagotribune.com,Male,2016-06-05 22:54:31
99,Sean,Howard,showard2q@g.co,Male,2015-07-19 16:09:49
100,Clarence,Burns,cburns2r@deviantart.com,Male,2015-07-29 05:09:47
101,Martha,Myers,mmyers2s@mozilla.com,Female,2015-09-08 17:41:43
102,Alan,Wells,awells2t@wunderground.com,Male,2015-06-30 01:23:42
103,Justin,Hunter,jhunter2u@blogtalkradio.com,Male,2016-03-10 21:09:13
104,Heather,Stone,hstone2v@virginia.edu,Female,2015-11-13 09:25:26
105,Jonathan,Vasquez,jvasquez2w@sogou.com,Male,2016-02-22 11:41:39
106,Kathy,Knight,kknight2x@reddit.com,Female,2015-11-27 12:36:21
107,Debra,Morrison,dmorrison2y@reference.com,Female,2015-09-22 06:18:25
108,Marie,Long,mlong2z@cmu.edu,Female,2016-05-05 06:50:04
109,Clarence,Patterson,cpatterson30@cbslocal.com,Male,2016-05-11 22:51:23
110,Craig,Rodriguez,crodriguez31@bigcartel.com,Male,2015-08-06 09:48:19
111,Sarah,Thompson,sthompson32@princeton.edu,Female,2016-02-28 16:56:09
112,Randy,Gardner,rgardner33@cbslocal.com,Male,2016-04-10 08:35:11
113,John,Long,jlong34@baidu.com,Male,2016-06-04 10:34:23
114,Jeremy,Williams,jwilliams35@baidu.com,Male,2015-11-08 04:21:53
115,Christine,Bryant,cbryant36@google.co.jp,Female,2015-07-24 18:59:55
116,Deborah,Jordan,djordan37@statcounter.com,Female,2016-02-06 18:20:26
117,Juan,Nichols,jnichols38@ask.com,Male,2015-08-03 04:58:19
118,Cheryl,Black,cblack39@purevolume.com,Female,2015-09-16 23:48:24
119,Emily,Hart,ehart3a@wikipedia.org,Female,2016-02-05 19:25:23
120,Stephen,Edwards,sedwards3b@stanford.edu,Male,2015-12-01 16:09:52
121,Jeffrey,Murray,jmurray3c@salon.com,Male,2016-01-27 04:22:39
122,Jacqueline,Myers,jmyers3d@soup.io,Female,2016-06-04 19:13:11
123,Julia,Rivera,jrivera3e@canalblog.com,Female,2016-05-21 12:14:41
124,Emily,Banks,ebanks3f@hatena.ne.jp,Female,2015-12-10 06:19:57
125,Betty,Simmons,bsimmons3g@geocities.jp,Female,2016-05-10 20:38:26
126,Jose,Banks,jbanks3h@alexa.com,Male,2015-07-01 11:34:52
127,Ashley,Wallace,awallace3i@sun.com,Female,2016-03-17 13:49:41
128,Evelyn,Gutierrez,egutierrez3j@barnesandnoble.com,Female,2016-05-22 09:04:02
129,James,Moreno,jmoreno3k@gravatar.com,Male,2016-01-14 04:28:03
130,Rachel,Campbell,rcampbell3l@chron.com,Female,2015-10-08 13:25:38
131,Jerry,Montgomery,jmontgomery3m@prnewswire.com,Male,2015-09-17 12:44:15
132,Alice,Riley,ariley3n@geocities.jp,Female,2016-03-01 09:42:37
133,Joe,Lewis,jlewis3o@naver.com,Male,2015-10-23 13:29:34
134,Deborah,Lawson,dlawson3p@exblog.jp,Female,2016-04-05 20:50:40
135,Johnny,Bryant,jbryant3q@yelp.com,Male,2016-06-17 19:04:07
136,Benjamin,Lawson,blawson3r@edublogs.org,Male,2015-09-08 19:08:47
137,Karen,Banks,kbanks3s@w3.org,Female,2015-12-10 16:30:07
138,Ryan,Watkins,rwatkins3t@ifeng.com,Male,2015-10-19 07:58:20
139,Joyce,Hart,jhart3u@reference.com,Female,2015-12-25 05:15:09
140,Donna,Gibson,dgibson3v@tripod.com,Female,2016-01-04 09:39:30
141,Ronald,Wright,rwright3w@sakura.ne.jp,Male,2016-06-17 11:08:05
142,Roy,Matthews,rmatthews3x@japanpost.jp,Male,2015-07-22 00:24:02
143,Justin,Thomas,jthomas3y@ebay.co.uk,Male,2015-10-05 12:51:36
144,Anne,Spencer,aspencer3z@ihg.com,Female,2016-01-23 08:52:09
145,Jesse,Dean,jdean40@twitpic.com,Male,2015-07-05 06:52:57
146,Jack,Johnson,jjohnson41@linkedin.com,Male,2015-11-18 09:22:08
147,Joseph,Parker,jparker42@1und1.de,Male,2016-03-25 08:29:56
148,Diane,Duncan,dduncan43@newyorker.com,Female,2016-04-01 06:27:41
149,Kathy,Clark,kclark44@virginia.edu,Female,2016-01-17 18:00:51
150,George,Reynolds,greynolds45@usgs.gov,Male,2015-08-08 17:50:29
151,Martin,Lawson,mlawson46@utexas.edu,Male,2015-11-25 14:52:28
152,Mildred,Webb,mwebb47@ocn.ne.jp,Female,2016-05-26 08:18:33
153,Phyllis,Evans,pevans48@furl.net,Female,2016-06-14 09:43:18
154,Dennis,Ramos,dramos49@addtoany.com,Male,2016-01-20 21:01:41
155,Robert,Morrison,rmorrison4a@washington.edu,Male,2016-04-24 11:26:13
156,Cynthia,Burke,cburke4b@hugedomains.com,Female,2015-12-23 01:47:45
157,Mary,Roberts,mroberts4c@sitemeter.com,Female,2015-11-20 07:49:50
158,Lawrence,Porter,lporter4d@deliciousdays.com,Male,2016-03-11 14:40:48
159,Joyce,Robertson,jrobertson4e@instagram.com,Female,2016-03-01 04:02:54
160,George,Stanley,gstanley4f@friendfeed.com,Male,2015-07-30 23:12:25
161,Steven,Owens,sowens4g@ted.com,Male,2016-05-21 05:36:05
162,Stephanie,Watkins,swatkins4h@salon.com,Female,2015-11-16 07:11:23
163,Michelle,Barnes,mbarnes4i@phpbb.com,Female,2015-12-14 20:06:17
164,Sean,Riley,sriley4j@marriott.com,Male,2016-02-15 03:55:12
165,James,Chapman,jchapman4k@jalbum.net,Male,2016-04-20 13:39:54
166,Laura,Bailey,lbailey4l@jiathis.com,Female,2016-04-30 01:09:48
167,Sandra,Olson,solson4m@state.gov,Female,2016-05-08 00:41:05
168,Mary,Nguyen,mnguyen4n@ning.com,Female,2015-09-18 00:47:47
169,Aaron,Ramirez,aramirez4o@xing.com,Male,2016-06-13 14:17:46
170,David,Weaver,dweaver4p@umn.edu,Male,2015-08-03 08:31:19
171,Emily,Andrews,eandrews4q@theatlantic.com,Female,2016-03-08 01:51:12
172,Linda,Howard,lhoward4r@hexun.com,Female,2016-03-10 09:06:10
173,Sarah,Sullivan,ssullivan4s@nasa.gov,Female,2016-03-03 17:21:07
174,Teresa,Watson,twatson4t@rambler.ru,Female,2016-04-27 17:02:41
175,Andrea,Rodriguez,arodriguez4u@tamu.edu,Female,2015-09-03 21:43:28
176,Virginia,Stephens,vstephens4v@nba.com,Female,2016-01-18 02:00:33
177,Jose,Graham,jgraham4w@delicious.com,Male,2015-11-23 23:01:56
178,Angela,Wells,awells4x@sphinn.com,Female,2015-07-08 12:59:16
179,Nicole,Brooks,nbrooks4y@hc360.com,Female,2015-11-12 20:20:26
180,Angela,Price,aprice4z@163.com,Female,2015-07-06 23:15:11
181,Beverly,Diaz,bdiaz50@trellian.com,Female,2015-07-17 12:08:16
182,Justin,Carter,jcarter51@upenn.edu,Male,2016-03-06 02:42:42
183,Christina,Moreno,cmoreno52@senate.gov,Female,2016-03-03 12:35:44
184,Ruby,Ruiz,rruiz53@geocities.com,Female,2015-07-01 11:01:04
185,Jennifer,Thomas,jthomas54@rediff.com,Female,2016-04-18 07:43:27
186,Louis,Chapman,lchapman55@blog.com,Male,2015-12-25 02:39:25
187,Kathy,Fox,kfox56@rambler.ru,Female,2016-01-26 15:18:08
188,Amanda,Riley,ariley57@accuweather.com,Female,2016-02-18 15:03:46
189,Wayne,Tucker,wtucker58@dropbox.com,Male,2016-04-28 15:58:08
190,Keith,George,kgeorge59@skyrock.com,Male,2016-03-25 12:22:40
191,Joseph,Bradley,jbradley5a@arstechnica.com,Male,2016-02-03 21:56:46
192,Jean,Richardson,jrichardson5b@technorati.com,Female,2016-01-30 03:59:24
193,Amy,Boyd,aboyd5c@biglobe.ne.jp,Female,2015-10-24 09:05:30
194,Harry,Lee,hlee5d@apple.com,Male,2015-08-29 02:32:51
195,Katherine,Foster,kfoster5e@facebook.com,Female,2016-05-29 01:23:26
196,Adam,Hunt,ahunt5f@hc360.com,Male,2015-09-08 13:52:16
197,Bonnie,Morris,bmorris5g@feedburner.com,Female,2015-10-02 07:39:54
198,Pamela,Austin,paustin5h@istockphoto.com,Female,2015-07-17 02:33:06
199,Harold,Fields,hfields5i@wikispaces.com,Male,2016-04-23 23:42:46
200,Timothy,Wallace,twallace5j@a8.net,Male,2015-10-19 03:45:38
201,Kelly,Little,klittle5k@tamu.edu,Female,2015-07-09 06:49:26
202,Kathleen,Wallace,kwallace5l@ifeng.com,Female,2016-02-14 01:12:48
203,Nancy,Ramirez,nramirez5m@craigslist.org,Female,2015-12-07 00:55:13
204,Joseph,Simmons,jsimmons5n@ibm.com,Male,2016-02-07 18:08:59
205,Carl,Banks,cbanks5o@miibeian.gov.cn,Male,2015-12-10 09:34:05
206,Craig,Webb,cwebb5p@fc2.com,Male,2016-02-06 14:38:43
207,Stephanie,Moore,smoore5q@canalblog.com,Female,2016-06-14 01:12:34
208,Frank,Martinez,fmartinez5r@a8.net,Male,2016-04-13 16:20:49
209,Ashley,Duncan,aduncan5s@1und1.de,Female,2015-08-02 16:10:08
210,Christopher,Bowman,cbowman5t@webeden.co.uk,Male,2016-02-11 04:24:11
211,Virginia,Bryant,vbryant5u@4shared.com,Female,2016-05-28 03:50:01
212,Scott,Wheeler,swheeler5v@chicagotribune.com,Male,2016-03-18 00:54:24
213,Timothy,Lawrence,tlawrence5w@cdc.gov,Male,2016-06-01 03:37:00
214,Ruth,Martinez,rmartinez5x@bluehost.com,Female,2015-10-08 13:27:33
215,Juan,Nelson,jnelson5y@furl.net,Male,2016-04-08 00:13:31
216,Barbara,Dunn,bdunn5z@miitbeian.gov.cn,Female,2016-03-18 03:11:07
217,Joshua,Webb,jwebb60@odnoklassniki.ru,Male,2015-12-07 15:27:52
218,Annie,Freeman,afreeman61@trellian.com,Female,2016-05-20 14:58:47
219,Julia,Patterson,jpatterson62@umich.edu,Female,2015-09-29 09:40:50
220,Henry,Kelley,hkelley63@merriam-webster.com,Male,2015-12-27 07:58:03
221,Christine,Phillips,cphillips64@census.gov,Female,2016-03-20 08:14:38
222,Fred,Nguyen,fnguyen65@salon.com,Male,2015-10-30 15:07:00
223,Anthony,Lewis,alewis66@blogs.com,Male,2015-11-02 15:39:05
224,Frank,Phillips,fphillips67@soup.io,Male,2016-04-09 15:36:13
225,Norma,Griffin,ngriffin68@gmpg.org,Female,2015-10-18 17:24:44
226,Arthur,Wheeler,awheeler69@samsung.com,Male,2015-12-05 05:40:58
227,Daniel,Frazier,dfrazier6a@sina.com.cn,Male,2016-01-20 04:27:50
228,Louis,Richardson,lrichardson6b@usda.gov,Male,2016-05-07 11:45:09
229,Johnny,Walker,jwalker6c@cyberchimps.com,Male,2016-01-26 19:41:23
230,Andrew,Dunn,adunn6d@cam.ac.uk,Male,2016-02-12 02:36:08
231,Doris,Washington,dwashington6e@nhs.uk,Female,2015-12-02 20:30:01
232,Jeffrey,Arnold,jarnold6f@shinystat.com,Male,2016-06-17 19:40:14
233,Bruce,Stephens,bstephens6g@google.com.au,Male,2015-08-19 11:44:05
234,Julie,Scott,jscott6h@amazon.co.uk,Female,2015-07-12 06:01:05
235,Christine,Morrison,cmorrison6i@netvibes.com,Female,2016-02-02 06:23:55
236,Earl,Frazier,efrazier6j@goodreads.com,Male,2016-01-31 08:36:09
237,Howard,Long,hlong6k@1688.com,Male,2016-01-16 02:21:36
238,Amanda,Sanchez,asanchez6l@paypal.com,Female,2015-07-12 13:27:15
239,Joan,Kennedy,jkennedy6m@alexa.com,Female,2016-03-26 08:37:17
240,Keith,Banks,kbanks6n@zimbio.com,Male,2015-10-04 00:22:54
241,Phillip,Carter,pcarter6o@jiathis.com,Male,2016-04-16 20:57:01
242,Jessica,Henderson,jhenderson6p@xing.com,Female,2016-05-23 09:26:08
243,Marilyn,Dixon,mdixon6q@pbs.org,Female,2015-08-30 14:34:28
244,Karen,Moore,kmoore6r@vimeo.com,Female,2016-03-20 16:37:46
245,Lori,Washington,lwashington6s@bluehost.com,Female,2016-06-04 03:23:48
246,George,Harvey,gharvey6t@marketwatch.com,Male,2015-10-03 23:35:19
247,Roy,Peterson,rpeterson6u@goodreads.com,Male,2016-01-17 00:36:23
248,Nicholas,Coleman,ncoleman6v@godaddy.com,Male,2015-08-01 05:11:09
249,Anthony,Perry,aperry6w@xrea.com,Male,2016-03-19 20:07:32
250,Joseph,Hernandez,jhernandez6x@gmpg.org,Male,2015-09-30 15:11:31
251,Arthur,Stevens,astevens6y@washingtonpost.com,Male,2016-05-25 16:52:27
252,Albert,Morrison,amorrison6z@domainmarket.com,Male,2016-02-05 17:39:59
253,Elizabeth,Gray,egray70@youtu.be,Female,2015-10-23 04:22:50
254,Thomas,Richards,trichards71@reuters.com,Male,2016-03-09 11:08:25
255,Sarah,Stewart,sstewart72@amazon.de,Female,2015-08-15 11:05:32
256,Ryan,Greene,rgreene73@noaa.gov,Male,2016-02-08 13:12:16
257,Dorothy,Williamson,dwilliamson74@webs.com,Female,2016-06-05 02:22:54
258,Kelly,Hill,khill75@jalbum.net,Female,2015-10-06 12:52:22
259,Stephanie,Meyer,smeyer76@ning.com,Female,2016-06-05 16:46:11
260,Jesse,Fowler,jfowler77@godaddy.com,Male,2016-02-28 08:53:15
261,Douglas,Hudson,dhudson78@elpais.com,Male,2015-12-12 11:56:33
262,Mark,Rice,mrice79@google.pl,Male,2016-02-28 11:19:24
263,Randy,Richardson,rrichardson7a@bizjournals.com,Male,2015-10-04 17:45:22
264,Ashley,Ramos,aramos7b@census.gov,Female,2016-02-06 03:06:14
265,Jason,Elliott,jelliott7c@virginia.edu,Male,2016-02-27 01:28:25
266,Shawn,Howard,showard7d@usgs.gov,Male,2015-07-10 16:00:08
267,Christine,Lee,clee7e@marketwatch.com,Female,2016-03-15 08:01:08
268,Irene,Hunt,ihunt7f@mediafire.com,Female,2015-08-22 01:11:25
269,Carolyn,Arnold,carnold7g@feedburner.com,Female,2015-08-19 03:42:09
270,Kelly,Castillo,kcastillo7h@narod.ru,Female,2015-10-04 02:03:02
271,Shirley,Lopez,slopez7i@hc360.com,Female,2015-09-30 14:09:39
272,Bonnie,Fowler,bfowler7j@usnews.com,Female,2015-09-16 07:09:24
273,Joyce,Walker,jwalker7k@ca.gov,Female,2016-03-22 02:41:25
274,Christina,Harris,charris7l@arstechnica.com,Female,2015-07-12 05:32:16
275,Diane,Rogers,drogers7m@microsoft.com,Female,2016-05-05 06:16:57
276,Paul,Kelley,pkelley7n@harvard.edu,Male,2015-11-09 19:29:13
277,Carl,Greene,cgreene7o@microsoft.com,Male,2016-02-24 13:14:57
278,Jacqueline,Turner,jturner7p@amazonaws.com,Female,2016-02-11 15:37:39
279,Chris,Torres,ctorres7q@bbb.org,Male,2016-03-18 16:47:59
280,Gary,Bailey,gbailey7r@constantcontact.com,Male,2015-11-26 02:25:20
281,Anne,Martinez,amartinez7s@bbb.org,Female,2015-07-08 09:15:13
282,Kathy,Kelly,kkelly7t@slideshare.net,Female,2016-01-27 00:20:37
283,Patricia,Garcia,pgarcia7u@phpbb.com,Female,2015-07-22 23:31:50
284,Anna,Bryant,abryant7v@angelfire.com,Female,2016-01-09 19:04:12
285,Martha,Hunter,mhunter7w@sciencedirect.com,Female,2015-07-28 01:57:50
286,Carl,Daniels,cdaniels7x@4shared.com,Male,2015-08-29 11:21:55
287,Lori,Wood,lwood7y@phpbb.com,Female,2015-07-29 19:42:01
288,Christina,Martin,cmartin7z@washingtonpost.com,Female,2015-12-21 11:36:19
289,Rachel,Hunt,rhunt80@princeton.edu,Female,2015-07-15 05:52:16
290,Virginia,Evans,vevans81@wikipedia.org,Female,2016-05-18 00:39:12
291,David,Romero,dromero82@symantec.com,Male,2016-01-10 15:59:43
292,Julie,Hall,jhall83@about.me,Female,2015-07-16 16:30:34
293,Judith,Young,jyoung84@msn.com,Female,2015-12-08 03:28:12
294,Pamela,Hughes,phughes85@slashdot.org,Female,2015-10-04 02:56:06
295,Billy,Willis,bwillis86@disqus.com,Male,2015-09-01 22:21:59
296,Laura,Jordan,ljordan87@youku.com,Female,2015-10-16 05:33:00
297,Carol,Burke,cburke88@dedecms.com,Female,2015-12-01 00:44:46
298,Todd,Garcia,tgarcia89@furl.net,Male,2016-01-15 19:07:15
299,Susan,Fisher,sfisher8a@sciencedirect.com,Female,2015-12-28 20:38:04
300,Lillian,Fuller,lfuller8b@lulu.com,Female,2015-11-19 12:27:46
301,Roy,Collins,rcollins8c@about.com,Male,2016-05-02 13:59:35
302,Tammy,Carroll,tcarroll8d@tumblr.com,Female,2015-12-01 08:39:44
303,Sara,Lee,slee8e@nps.gov,Female,2016-06-15 06:41:56
304,Rebecca,Rice,rrice8f@naver.com,Female,2015-12-07 05:25:06
305,Russell,Lynch,rlynch8g@mayoclinic.com,Male,2016-06-11 21:37:36
306,Henry,Watkins,hwatkins8h@slashdot.org,Male,2015-11-17 08:37:45
307,Stephanie,Hunt,shunt8i@nhs.uk,Female,2016-05-18 18:52:58
308,Tina,Jordan,tjordan8j@163.com,Female,2015-08-26 08:27:26
309,Diana,Carter,dcarter8k@pcworld.com,Female,2015-07-08 14:05:28
310,David,Roberts,droberts8l@dot.gov,Male,2015-08-31 19:52:44
311,Denise,Stanley,dstanley8m@360.cn,Female,2016-04-16 18:59:23
312,Mark,Ward,mward8n@seattletimes.com,Male,2016-02-28 13:11:06
313,Brenda,Gutierrez,bgutierrez8o@kickstarter.com,Female,2016-03-10 13:46:12
314,Tammy,Snyder,tsnyder8p@forbes.com,Female,2016-01-20 08:20:52
315,Melissa,Washington,mwashington8q@cafepress.com,Female,2015-10-26 23:01:51
316,Lori,Turner,lturner8r@nsw.gov.au,Female,2016-05-26 12:06:05
317,Frances,Perry,fperry8s@statcounter.com,Female,2016-04-10 02:54:36
318,Carl,Greene,cgreene8t@google.ca,Male,2016-02-10 07:52:38
319,Sean,Ramirez,sramirez8u@yellowpages.com,Male,2016-02-24 03:18:07
320,Joan,Ford,jford8v@house.gov,Female,2015-08-07 08:12:38
321,David,Collins,dcollins8w@goodreads.com,Male,2016-04-27 04:41:29
322,Stephen,Griffin,sgriffin8x@abc.net.au,Male,2016-03-15 11:03:19
323,David,Stanley,dstanley8y@google.ca,Male,2016-01-08 06:34:10
324,Jerry,Fuller,jfuller8z@squidoo.com,Male,2016-06-20 20:01:11
325,Nicholas,Hayes,nhayes90@g.co,Male,2015-10-27 07:39:58
326,Ralph,Flores,rflores91@unesco.org,Male,2016-06-22 07:49:31
327,Sarah,Harper,sharper92@unicef.org,Female,2016-05-16 05:57:13
328,Karen,Olson,kolson93@scientificamerican.com,Female,2016-04-23 09:58:38
329,Janice,Boyd,jboyd94@typepad.com,Female,2016-05-16 23:24:16
330,Phillip,Watson,pwatson95@wsj.com,Male,2015-12-14 12:04:13
331,Joan,Dunn,jdunn96@shop-pro.jp,Female,2016-03-24 18:38:09
332,Linda,Bishop,lbishop97@ucoz.com,Female,2016-02-15 09:33:20
333,Henry,Butler,hbutler98@cmu.edu,Male,2016-05-01 05:31:49
334,Walter,Martinez,wmartinez99@bigcartel.com,Male,2016-06-07 03:55:02
335,Linda,Morris,lmorris9a@cnn.com,Female,2015-11-18 19:02:43
336,Karen,Porter,kporter9b@cyberchimps.com,Female,2015-09-08 06:52:01
337,Wayne,Graham,wgraham9c@bing.com,Male,2015-07-04 08:55:45
338,John,Ross,jross9d@livejournal.com,Male,2015-09-22 05:35:19
339,Elizabeth,Castillo,ecastillo9e@uiuc.edu,Female,2016-03-26 05:28:39
340,Barbara,Long,blong9f@ezinearticles.com,Female,2015-07-08 05:09:34
341,Nicholas,Patterson,npatterson9g@blogtalkradio.com,Male,2015-10-11 18:57:38
342,Richard,Willis,rwillis9h@nhs.uk,Male,2015-12-27 18:11:30
343,Arthur,Fowler,afowler9i@woothemes.com,Male,2016-03-08 07:48:09
344,Julie,Mccoy,jmccoy9j@marriott.com,Female,2015-12-23 23:50:25
345,Martin,Schmidt,mschmidt9k@alexa.com,Male,2016-01-31 20:40:40
346,Tammy,Brooks,tbrooks9l@so-net.ne.jp,Female,2016-04-21 04:51:52
347,Terry,Wilson,twilson9m@rediff.com,Male,2015-12-30 04:09:30
348,Philip,Gardner,pgardner9n@smugmug.com,Male,2015-11-06 12:51:59
349,Kelly,Watkins,kwatkins9o@behance.net,Female,2015-09-17 17:50:59
350,Larry,Thompson,lthompson9p@google.it,Male,2016-02-18 01:41:54
351,Benjamin,Jordan,bjordan9q@creativecommons.org,Male,2016-05-27 23:56:04
352,Deborah,Coleman,dcoleman9r@1688.com,Female,2016-05-13 21:41:08
353,Kathryn,Nelson,knelson9s@irs.gov,Female,2015-09-20 09:43:33
354,Laura,Ford,lford9t@virginia.edu,Female,2015-11-25 22:59:12
355,Robert,Lewis,rlewis9u@storify.com,Male,2015-09-11 23:46:19
356,Douglas,White,dwhite9v@howstuffworks.com,Male,2016-03-11 21:18:45
357,Phillip,Williamson,pwilliamson9w@imdb.com,Male,2015-07-30 00:58:06
358,Teresa,Watkins,twatkins9x@wsj.com,Female,2015-07-01 01:29:21
359,Beverly,Hamilton,bhamilton9y@myspace.com,Female,2016-04-07 05:10:32
360,Theresa,Ward,tward9z@seesaa.net,Female,2015-12-06 09:44:45
361,Mildred,Fox,mfoxa0@ebay.co.uk,Female,2016-06-28 17:57:29
362,Harry,Ward,hwarda1@sitemeter.com,Male,2016-06-20 20:17:03
363,Daniel,Adams,dadamsa2@acquirethisname.com,Male,2015-09-05 01:29:20
364,Dennis,Bowman,dbowmana3@newsvine.com,Male,2015-10-10 05:56:54
365,Jerry,Thomas,jthomasa4@elegantthemes.com,Male,2016-05-16 23:39:40
366,Laura,Pierce,lpiercea5@nymag.com,Female,2015-10-17 06:19:46
367,George,Payne,gpaynea6@dyndns.org,Male,2016-02-25 14:58:12
368,Wanda,Green,wgreena7@sbwire.com,Female,2015-12-05 14:31:35
369,Carlos,Diaz,cdiaza8@g.co,Male,2015-11-01 10:34:58
370,Judith,Henderson,jhendersona9@dailymotion.com,Female,2015-08-05 23:28:01
371,Amanda,Ferguson,afergusonaa@livejournal.com,Female,2015-07-21 15:29:20
372,Charles,White,cwhiteab@umich.edu,Male,2015-07-11 16:36:33
373,Bobby,Murray,bmurrayac@ezinearticles.com,Male,2016-06-27 14:26:43
374,James,Meyer,jmeyerad@engadget.com,Male,2016-03-13 13:01:32
375,Barbara,Torres,btorresae@phpbb.com,Female,2015-12-28 14:55:04
376,Edward,Carpenter,ecarpenteraf@ocn.ne.jp,Male,2015-12-15 15:09:14
377,Jonathan,Morrison,jmorrisonag@example.com,Male,2016-04-14 06:20:05
378,Maria,Wilson,mwilsonah@globo.com,Female,2016-06-13 11:12:11
379,Brenda,Lane,blaneai@multiply.com,Female,2016-03-04 13:36:43
380,Marilyn,Franklin,mfranklinaj@sbwire.com,Female,2016-02-01 23:19:17
381,Randy,Payne,rpayneak@phpbb.com,Male,2015-12-16 09:38:38
382,Billy,Andrews,bandrewsal@tiny.cc,Male,2016-01-13 08:41:59
383,Susan,Romero,sromeroam@house.gov,Female,2015-09-30 14:56:41
384,Keith,Myers,kmyersan@usa.gov,Male,2016-04-25 19:00:03
385,Raymond,Torres,rtorresao@engadget.com,Male,2015-09-06 09:49:14
386,Eric,Lawrence,elawrenceap@soundcloud.com,Male,2015-07-29 20:05:56
387,David,Perkins,dperkinsaq@canalblog.com,Male,2015-11-24 04:09:23
388,Carl,Bell,cbellar@multiply.com,Male,2015-07-14 13:12:39
389,Stephen,Henderson,shendersonas@blogs.com,Male,2015-07-18 18:06:13
390,Robert,Bennett,rbennettat@wisc.edu,Male,2015-11-10 01:28:47
391,Todd,Gutierrez,tgutierrezau@mozilla.com,Male,2015-12-12 16:45:18
392,Julie,Richardson,jrichardsonav@google.com.br,Female,2015-08-14 22:13:10
393,Tammy,Fernandez,tfernandezaw@earthlink.net,Female,2015-07-07 15:53:33
394,Karen,Gonzalez,kgonzalezax@hatena.ne.jp,Female,2015-07-17 21:01:35
395,Earl,Bowman,ebowmanay@wikipedia.org,Male,2016-02-10 11:20:43
396,Mary,Simpson,msimpsonaz@free.fr,Female,2015-08-01 15:17:04
397,Bobby,Burke,bburkeb0@businessweek.com,Male,2015-11-07 18:55:52
398,Charles,Simmons,csimmonsb1@google.com,Male,2016-05-13 07:24:52
399,Gregory,Nelson,gnelsonb2@nsw.gov.au,Male,2015-08-22 18:23:26
400,Eric,Robinson,erobinsonb3@china.com.cn,Male,2016-03-31 20:59:47
401,Rose,Evans,revansb4@storify.com,Female,2016-01-01 02:21:47
402,Phyllis,Ortiz,portizb5@google.it,Female,2015-11-10 14:01:02
403,Ruby,Hansen,rhansenb6@columbia.edu,Female,2016-02-25 10:06:09
404,Nicholas,Chavez,nchavezb7@addtoany.com,Male,2016-06-09 07:02:59
405,Kelly,Black,kblackb8@dell.com,Female,2016-01-07 17:11:08
406,Donna,Hayes,dhayesb9@msu.edu,Female,2016-06-15 08:39:54
407,Debra,Bryant,dbryantba@ox.ac.uk,Female,2016-06-22 03:07:43
408,Diana,Rogers,drogersbb@google.com.br,Female,2016-03-14 11:08:15
409,Roger,Fernandez,rfernandezbc@gmpg.org,Male,2015-10-16 06:55:49
410,Jean,Bell,jbellbd@state.tx.us,Female,2015-08-22 14:11:45
411,Joan,Wheeler,jwheelerbe@msu.edu,Female,2015-08-17 04:00:32
412,Robin,Tucker,rtuckerbf@phpbb.com,Female,2015-06-30 20:29:32
413,Todd,Ferguson,tfergusonbg@skyrock.com,Male,2015-10-14 04:57:14
414,Jesse,Kelly,jkellybh@surveymonkey.com,Male,2016-05-23 05:54:01
415,Joseph,Banks,jbanksbi@weibo.com,Male,2015-11-27 20:47:51
416,Lori,Larson,llarsonbj@mapy.cz,Female,2016-01-07 07:38:57
417,Jason,Gray,jgraybk@ca.gov,Male,2015-08-21 16:55:35
418,Randy,Adams,radamsbl@51.la,Male,2016-03-16 06:23:16
419,Linda,Gray,lgraybm@home.pl,Female,2015-12-05 21:31:19
420,Patrick,Sanders,psandersbn@printfriendly.com,Male,2015-11-16 07:47:01
421,Diana,Mills,dmillsbo@earthlink.net,Female,2016-05-05 17:10:32
422,Shirley,Butler,sbutlerbp@live.com,Female,2015-12-27 13:59:57
423,Cheryl,Edwards,cedwardsbq@naver.com,Female,2015-10-25 12:14:38
424,Jennifer,Mason,jmasonbr@histats.com,Female,2015-08-20 04:43:25
425,Frank,Vasquez,fvasquezbs@ft.com,Male,2015-09-29 21:33:29
426,Michelle,Hamilton,mhamiltonbt@vk.com,Female,2015-08-14 23:08:30
427,Kathy,Washington,kwashingtonbu@independent.co.uk,Female,2015-09-12 02:42:22
428,Ashley,Lewis,alewisbv@dell.com,Female,2015-11-16 15:41:16
429,Janice,Payne,jpaynebw@blog.com,Female,2015-12-02 05:16:39
430,Marilyn,Ortiz,mortizbx@is.gd,Female,2016-01-14 22:19:44
431,Lillian,Ruiz,lruizby@trellian.com,Female,2015-08-30 18:30:03
432,Pamela,Collins,pcollinsbz@jimdo.com,Female,2016-03-10 07:22:35
433,Philip,King,pkingc0@nih.gov,Male,2016-05-06 01:52:08
434,Carolyn,Cruz,ccruzc1@nationalgeographic.com,Female,2015-07-17 01:09:53
435,Susan,Riley,srileyc2@rakuten.co.jp,Female,2016-01-20 15:02:50
436,Betty,Sanders,bsandersc3@barnesandnoble.com,Female,2015-06-29 19:38:43
437,Deborah,Hall,dhallc4@un.org,Female,2015-07-09 01:29:53
438,Kenneth,Medina,kmedinac5@g.co,Male,2016-02-26 18:41:54
439,Rebecca,Bryant,rbryantc6@spiegel.de,Female,2016-01-05 12:26:23
440,Jose,Arnold,jarnoldc7@seesaa.net,Male,2016-03-26 03:36:47
441,Gerald,Carroll,gcarrollc8@scientificamerican.com,Male,2016-06-23 12:28:49
442,Mildred,Hunter,mhunterc9@twitter.com,Female,2016-03-14 22:52:11
443,Aaron,Kim,akimca@lycos.com,Male,2016-01-01 03:46:39
444,Brenda,Burton,bburtoncb@mapquest.com,Female,2015-11-12 09:03:14
445,Ronald,Lawson,rlawsoncc@usnews.com,Male,2015-09-08 02:46:06
446,Shirley,Myers,smyerscd@alexa.com,Female,2016-01-28 11:59:08
447,Evelyn,Henderson,ehendersonce@unesco.org,Female,2015-12-19 03:04:57
448,Howard,Howell,hhowellcf@1688.com,Male,2015-10-17 08:24:05
449,Nancy,Meyer,nmeyercg@marketwatch.com,Female,2015-10-08 20:48:44
450,Janice,Shaw,jshawch@mayoclinic.com,Female,2016-04-01 14:57:24
451,Angela,Diaz,adiazci@webmd.com,Female,2016-03-16 03:47:50
452,Anthony,Fisher,afishercj@cyberchimps.com,Male,2015-12-05 00:42:33
453,Ryan,Bell,rbellck@bravesites.com,Male,2015-10-25 16:10:21
454,Maria,Fisher,mfishercl@sohu.com,Female,2015-10-25 02:32:32
455,Lois,Diaz,ldiazcm@engadget.com,Female,2015-07-17 06:09:29
456,William,Hart,whartcn@ehow.com,Male,2016-02-01 13:19:28
457,Cheryl,Black,cblackco@pen.io,Female,2015-10-25 19:49:06
458,Gregory,Torres,gtorrescp@xrea.com,Male,2015-09-14 22:55:45
459,Catherine,Duncan,cduncancq@bbc.co.uk,Female,2015-08-29 18:55:48
460,Lois,Sanders,lsanderscr@feedburner.com,Female,2016-03-31 06:29:00
461,Antonio,Fox,afoxcs@zdnet.com,Male,2015-10-11 13:20:37
462,Bobby,George,bgeorgect@webeden.co.uk,Male,2015-12-01 06:47:50
463,Ann,Perkins,aperkinscu@a8.net,Female,2015-10-20 15:07:25
464,Stephanie,Reed,sreedcv@about.com,Female,2016-06-26 06:48:49
465,Kathleen,Howell,khowellcw@hexun.com,Female,2015-09-23 02:54:31
466,Jessica,Riley,jrileycx@abc.net.au,Female,2016-01-30 20:17:07
467,Marie,Greene,mgreenecy@foxnews.com,Female,2015-09-05 21:28:34
468,Lillian,Freeman,lfreemancz@goo.ne.jp,Female,2016-03-30 10:54:50
469,Anne,Lopez,alopezd0@cdc.gov,Female,2016-01-30 08:15:43
470,Susan,Rogers,srogersd1@addthis.com,Female,2015-08-26 12:40:41
471,Doris,Snyder,dsnyderd2@newsvine.com,Female,2015-12-15 13:32:07
472,Marilyn,Fowler,mfowlerd3@google.pl,Female,2015-11-12 23:00:12
473,Theresa,Elliott,telliottd4@booking.com,Female,2016-05-17 19:45:29
474,Betty,Davis,bdavisd5@deviantart.com,Female,2015-12-18 13:30:35
475,Marie,Ward,mwardd6@dagondesign.com,Female,2015-07-13 20:33:19
476,Gerald,Castillo,gcastillod7@blog.com,Male,2015-08-22 20:30:04
477,Albert,Gray,agrayd8@ameblo.jp,Male,2015-12-23 01:15:30
478,Bruce,Day,bdayd9@mac.com,Male,2015-10-27 10:39:22
479,Janice,Sanchez,jsanchezda@europa.eu,Female,2015-07-24 01:50:00
480,Gerald,Sullivan,gsullivandb@technorati.com,Male,2015-08-18 18:54:06
481,Angela,Welch,awelchdc@infoseek.co.jp,Female,2016-06-11 03:01:17
482,Jeremy,Ramos,jramosdd@senate.gov,Male,2016-01-04 09:25:52
483,Melissa,Wood,mwoodde@w3.org,Female,2016-03-07 23:30:33
484,Doris,Evans,devansdf@godaddy.com,Female,2015-09-22 04:25:53
485,Scott,Ross,srossdg@miitbeian.gov.cn,Male,2015-10-28 14:29:45
486,Antonio,Reynolds,areynoldsdh@freewebs.com,Male,2015-10-06 22:34:33
487,Justin,Mendoza,jmendozadi@theglobeandmail.com,Male,2015-11-16 08:45:27
488,Gary,Nelson,gnelsondj@ocn.ne.jp,Male,2016-01-18 18:49:44
489,Phillip,Gordon,pgordondk@google.it,Male,2016-05-07 19:15:00
490,Jeremy,Scott,jscottdl@goodreads.com,Male,2016-03-04 18:21:16
491,Dorothy,Rose,drosedm@ovh.net,Female,2016-06-03 14:39:39
492,Virginia,Medina,vmedinadn@i2i.jp,Female,2015-11-16 15:10:01
493,Carolyn,Sims,csimsdo@mozilla.com,Female,2015-07-21 17:20:29
494,Keith,Peterson,kpetersondp@ow.ly,Male,2015-10-07 17:14:22
495,Juan,Wood,jwooddq@amazon.co.uk,Male,2016-02-09 11:24:22
496,Mary,Greene,mgreenedr@qq.com,Female,2015-11-15 04:32:27
497,Rebecca,Meyer,rmeyerds@oakley.com,Female,2016-04-07 20:05:05
498,Ruby,Russell,rrusselldt@psu.edu,Female,2016-06-12 12:37:18
499,Frances,Reynolds,freynoldsdu@globo.com,Female,2016-03-31 07:34:51
500,Earl,Vasquez,evasquezdv@issuu.com,Male,2016-04-07 03:02:01
501,Eugene,Anderson,eandersondw@printfriendly.com,Male,2015-10-31 06:39:24
502,Cheryl,Grant,cgrantdx@cargocollective.com,Female,2016-05-08 13:42:47
503,Phyllis,Black,pblackdy@dyndns.org,Female,2016-03-05 20:07:36
504,Melissa,Diaz,mdiazdz@xing.com,Female,2016-05-25 16:32:56
505,Melissa,Bishop,mbishope0@digg.com,Female,2016-06-20 06:01:29
506,Susan,Nguyen,snguyene1@mapy.cz,Female,2016-01-22 12:11:05
507,Maria,Stanley,mstanleye2@feedburner.com,Female,2015-11-30 19:12:22
508,Paul,Pierce,ppiercee3@ycombinator.com,Male,2015-09-09 14:03:24
509,Wayne,Fisher,wfishere4@woothemes.com,Male,2016-03-16 06:26:53
510,Keith,Willis,kwillise5@netscape.com,Male,2016-01-05 10:10:27
511,Heather,Marshall,hmarshalle6@phpbb.com,Female,2016-04-06 15:25:30
512,Jack,Cruz,jcruze7@tinyurl.com,Male,2016-06-18 19:08:52
513,Martin,Hanson,mhansone8@google.com,Male,2016-01-03 08:10:55
514,Alan,Washington,awashingtone9@google.cn,Male,2016-05-08 02:43:32
515,Aaron,Bradley,abradleyea@economist.com,Male,2016-05-13 10:22:35
516,Roger,Lewis,rlewiseb@nsw.gov.au,Male,2016-05-10 13:23:24
517,Julie,Sims,jsimsec@cargocollective.com,Female,2016-04-13 03:44:07
518,Eric,Lynch,elynched@msu.edu,Male,2015-08-20 04:24:30
519,Ruby,Johnston,rjohnstonee@zdnet.com,Female,2016-01-08 00:28:15
520,Jennifer,Kim,jkimef@simplemachines.org,Female,2015-11-08 22:38:42
521,Frances,Long,flongeg@yolasite.com,Female,2015-10-27 00:00:14
522,Keith,Arnold,karnoldeh@smugmug.com,Male,2015-12-11 20:51:36
523,Pamela,Matthews,pmatthewsei@google.fr,Female,2016-05-12 01:44:16
524,Bonnie,Foster,bfosterej@typepad.com,Female,2015-09-17 03:18:54
525,Kathleen,Dunn,kdunnek@homestead.com,Female,2015-08-15 16:35:01
526,Kathryn,Clark,kclarkel@mozilla.org,Female,2015-08-28 14:49:25
527,Ann,Gardner,agardnerem@mediafire.com,Female,2016-02-19 07:13:25
528,Andrew,Andrews,aandrewsen@ucoz.ru,Male,2015-07-15 08:26:58
529,Kevin,Cruz,kcruzeo@mediafire.com,Male,2016-06-08 02:54:06
530,Bruce,Powell,bpowellep@globo.com,Male,2016-03-14 21:03:44
531,Kenneth,Sanchez,ksanchezeq@patch.com,Male,2015-11-16 06:20:11
532,Walter,Weaver,wweaverer@sakura.ne.jp,Male,2016-04-20 03:15:31
533,Craig,Gardner,cgardneres@artisteer.com,Male,2015-12-24 09:34:18
534,Judith,Kelly,jkellyet@gov.uk,Female,2016-05-06 03:15:16
535,Steven,Day,sdayeu@goodreads.com,Male,2015-07-15 23:33:27
536,Deborah,Thompson,dthompsonev@bbc.co.uk,Female,2015-11-14 07:02:14
537,Paula,Murray,pmurrayew@photobucket.com,Female,2016-04-03 06:05:11
538,Steve,Hughes,shughesex@reference.com,Male,2015-11-23 11:03:08
539,Diana,Andrews,dandrewsey@fema.gov,Female,2016-04-17 08:25:39
540,Gary,Williams,gwilliamsez@kickstarter.com,Male,2016-05-22 07:27:27
541,Frances,Williamson,fwilliamsonf0@msu.edu,Female,2016-03-01 12:30:24
542,Kelly,Long,klongf1@typepad.com,Female,2016-03-14 14:27:57
543,Ruby,Ramirez,rramirezf2@cyberchimps.com,Female,2016-01-08 02:08:34
544,Gregory,Young,gyoungf3@indiegogo.com,Male,2015-11-24 02:13:18
545,Jonathan,Medina,jmedinaf4@spotify.com,Male,2016-06-07 03:48:44
546,Timothy,Thompson,tthompsonf5@java.com,Male,2015-12-22 01:22:08
547,Anne,Lawrence,alawrencef6@java.com,Female,2016-01-07 08:50:14
548,Katherine,Dean,kdeanf7@netvibes.com,Female,2015-11-27 13:43:02
549,Todd,Sanders,tsandersf8@ucsd.edu,Male,2015-10-19 01:28:20
550,Tammy,Alvarez,talvarezf9@bbb.org,Female,2016-06-20 07:44:30
551,Jack,Russell,jrussellfa@eventbrite.com,Male,2016-06-16 16:13:54
552,Karen,Spencer,kspencerfb@patch.com,Female,2015-07-21 03:04:27
553,Peter,Barnes,pbarnesfc@sphinn.com,Male,2015-08-21 07:59:52
554,Heather,Morgan,hmorganfd@livejournal.com,Female,2015-11-20 07:20:46
555,Lois,Lewis,llewisfe@friendfeed.com,Female,2015-11-22 22:28:19
556,Raymond,Anderson,randersonff@vistaprint.com,Male,2015-11-22 22:38:46
557,Earl,Alvarez,ealvarezfg@wordpress.com,Male,2016-05-01 19:40:53
558,Philip,Medina,pmedinafh@storify.com,Male,2015-07-24 19:17:29
559,Victor,Long,vlongfi@mac.com,Male,2016-06-02 23:40:53
560,Christina,Evans,cevansfj@hc360.com,Female,2016-04-03 03:10:42
561,Marilyn,Sims,msimsfk@naver.com,Female,2015-11-26 01:29:16
562,Scott,Medina,smedinafl@flickr.com,Male,2016-02-08 15:32:09
563,Ruby,Morris,rmorrisfm@odnoklassniki.ru,Female,2016-02-28 15:50:43
564,Helen,Wagner,hwagnerfn@example.com,Female,2016-06-18 08:10:20
565,Kevin,Richards,krichardsfo@who.int,Male,2015-07-25 02:12:23
566,Paul,Martinez,pmartinezfp@amazon.co.uk,Male,2016-05-07 10:42:28
567,Theresa,Reed,treedfq@msn.com,Female,2016-02-28 01:23:32
568,Sharon,Andrews,sandrewsfr@earthlink.net,Female,2015-08-06 14:09:38
569,Brenda,Tucker,btuckerfs@shutterfly.com,Female,2015-12-22 00:01:15
570,Jerry,Knight,jknightft@forbes.com,Male,2015-08-19 03:31:51
571,Nicole,Wood,nwoodfu@who.int,Female,2016-01-26 10:43:37
572,Robin,Gardner,rgardnerfv@unc.edu,Female,2015-08-23 00:28:36
573,Chris,Edwards,cedwardsfw@netlog.com,Male,2015-09-21 04:58:00
574,Gloria,Jenkins,gjenkinsfx@google.co.uk,Female,2016-03-17 16:27:37
575,Ernest,George,egeorgefy@cornell.edu,Male,2015-10-19 04:54:32
576,Jean,Garza,jgarzafz@aol.com,Female,2016-06-05 03:18:43
577,Barbara,Stewart,bstewartg0@google.com.br,Female,2016-01-21 10:46:00
578,Angela,George,ageorgeg1@nyu.edu,Female,2016-02-06 08:21:10
579,Douglas,Harris,dharrisg2@wikipedia.org,Male,2016-04-12 01:57:36
580,Mildred,Austin,mausting3@spotify.com,Female,2015-10-31 06:06:20
581,Irene,Morrison,imorrisong4@mozilla.com,Female,2016-04-14 15:19:58
582,Jacqueline,Spencer,jspencerg5@fastcompany.com,Female,2016-01-14 01:27:55
583,Anthony,Jackson,ajacksong6@last.fm,Male,2016-01-15 06:48:08
584,Joan,Simpson,jsimpsong7@cmu.edu,Female,2015-08-17 09:52:03
585,Maria,Fowler,mfowlerg8@dropbox.com,Female,2015-09-22 03:14:16
586,Andrea,Sullivan,asullivang9@mozilla.org,Female,2016-06-17 16:37:31
587,Edward,Adams,eadamsga@biglobe.ne.jp,Male,2015-11-07 02:15:21
588,William,Anderson,wandersongb@hhs.gov,Male,2015-07-14 22:12:49
589,Rebecca,Spencer,rspencergc@myspace.com,Female,2016-04-01 19:24:57
590,Kathleen,Perkins,kperkinsgd@1688.com,Female,2016-05-06 20:50:53
591,Donna,Mendoza,dmendozage@is.gd,Female,2016-02-22 19:45:10
592,Marie,Brown,mbrowngf@narod.ru,Female,2016-01-11 23:15:06
593,Samuel,Lawrence,slawrencegg@myspace.com,Male,2015-10-02 12:24:20
594,Louis,Warren,lwarrengh@nba.com,Male,2015-10-13 07:17:26
595,Karen,Harper,kharpergi@vk.com,Female,2016-04-19 09:10:58
596,Tammy,Ray,traygj@biglobe.ne.jp,Female,2015-11-01 23:44:49
597,Jane,Rivera,jriveragk@uiuc.edu,Female,2015-08-20 20:34:34
598,Sharon,Morales,smoralesgl@4shared.com,Female,2016-05-01 17:50:13
599,Evelyn,Morgan,emorgangm@foxnews.com,Female,2016-03-05 10:08:07
600,Anthony,Banks,abanksgn@wikispaces.com,Male,2016-01-05 14:02:49
601,Joe,Hanson,jhansongo@weather.com,Male,2016-06-22 06:31:23
602,Deborah,Kelly,dkellygp@so-net.ne.jp,Female,2016-01-12 06:07:31
603,Jerry,Jacobs,jjacobsgq@state.gov,Male,2015-07-02 10:39:02
604,Judith,Bradley,jbradleygr@google.it,Female,2016-02-29 01:29:58
605,Kathleen,Ward,kwardgs@sogou.com,Female,2015-08-12 07:41:06
606,Russell,Mendoza,rmendozagt@house.gov,Male,2015-08-21 03:24:04
607,Matthew,Rodriguez,mrodriguezgu@joomla.org,Male,2015-09-23 13:02:06
608,Anthony,Andrews,aandrewsgv@tmall.com,Male,2016-06-01 12:22:51
609,Raymond,Evans,revansgw@cnn.com,Male,2016-02-22 03:30:23
610,Samuel,Ferguson,sfergusongx@fc2.com,Male,2015-09-02 18:38:20
611,Harold,Frazier,hfraziergy@cafepress.com,Male,2016-02-08 01:17:33
612,Jerry,Reynolds,jreynoldsgz@hugedomains.com,Male,2015-07-25 20:59:16
613,Alan,Garrett,agarretth0@hugedomains.com,Male,2016-03-01 13:19:34
614,Craig,Lawson,clawsonh1@wiley.com,Male,2015-10-28 07:14:40
615,Beverly,Lewis,blewish2@theglobeandmail.com,Female,2015-08-23 13:22:02
616,Sara,Graham,sgrahamh3@list-manage.com,Female,2016-04-02 06:14:58
617,Raymond,Butler,rbutlerh4@weather.com,Male,2016-03-02 08:34:09
618,Virginia,Hayes,vhayesh5@ucla.edu,Female,2015-11-19 01:39:38
619,Amy,Richards,arichardsh6@4shared.com,Female,2015-12-06 23:24:22
620,Billy,Bailey,bbaileyh7@sohu.com,Male,2015-08-18 09:41:02
621,Larry,Patterson,lpattersonh8@foxnews.com,Male,2016-01-29 17:48:32
622,Jennifer,Rice,jriceh9@canalblog.com,Female,2016-02-22 20:20:19
623,Janice,Stone,jstoneha@1688.com,Female,2015-07-25 13:14:35
624,Wayne,Montgomery,wmontgomeryhb@senate.gov,Male,2016-02-08 20:00:24
625,Virginia,Boyd,vboydhc@ucsd.edu,Female,2015-07-09 07:09:09
626,Howard,Patterson,hpattersonhd@jiathis.com,Male,2015-07-22 21:39:46
627,Lois,Duncan,lduncanhe@nps.gov,Female,2015-08-28 22:36:35
628,Antonio,Mccoy,amccoyhf@blogger.com,Male,2015-07-20 15:22:37
629,Amanda,Kennedy,akennedyhg@yellowpages.com,Female,2016-02-08 10:27:09
630,Phillip,Bowman,pbowmanhh@addthis.com,Male,2015-10-10 04:47:06
631,Chris,Sanders,csandershi@intel.com,Male,2015-12-03 10:59:32
632,Eugene,Austin,eaustinhj@blogspot.com,Male,2016-06-26 10:34:33
633,Lawrence,Romero,lromerohk@i2i.jp,Male,2015-09-24 22:29:43
634,Rachel,Grant,rgranthl@gnu.org,Female,2015-07-19 09:17:27
635,Jeffrey,Watkins,jwatkinshm@walmart.com,Male,2016-02-20 07:18:33
636,Jean,Brown,jbrownhn@senate.gov,Female,2016-05-25 14:38:57
637,Rachel,Grant,rgrantho@slideshare.net,Female,2016-02-07 03:52:42
638,Jeffrey,Powell,jpowellhp@bbb.org,Male,2015-10-15 13:24:10
639,Edward,Bennett,ebennetthq@live.com,Male,2015-08-17 17:02:34
640,Charles,Stone,cstonehr@uiuc.edu,Male,2016-02-04 15:33:43
641,Jimmy,Cruz,jcruzhs@amazon.com,Male,2016-01-21 23:27:21
642,Earl,Shaw,eshawht@linkedin.com,Male,2015-10-15 06:52:10
643,Russell,Shaw,rshawhu@parallels.com,Male,2015-07-28 05:04:13
644,Edward,Sims,esimshv@creativecommons.org,Male,2016-04-04 22:36:48
645,Linda,Lane,llanehw@angelfire.com,Female,2016-05-25 00:32:51
646,Peter,Cunningham,pcunninghamhx@army.mil,Male,2016-04-26 19:59:34
647,Mary,Fuller,mfullerhy@issuu.com,Female,2016-03-28 14:01:24
648,Terry,Adams,tadamshz@surveymonkey.com,Male,2015-07-27 08:24:08
649,Evelyn,Rodriguez,erodriguezi0@fc2.com,Female,2016-01-18 03:51:04
650,Todd,Reynolds,treynoldsi1@latimes.com,Male,2015-07-25 08:26:42
651,Joseph,Harris,jharrisi2@ibm.com,Male,2016-01-28 20:47:15
652,Emily,Andrews,eandrewsi3@ezinearticles.com,Female,2015-09-14 10:41:44
653,Todd,Medina,tmedinai4@themeforest.net,Male,2016-01-19 17:28:15
654,Nancy,Fisher,nfisheri5@latimes.com,Female,2015-10-06 14:55:11
655,Sara,Lynch,slynchi6@nsw.gov.au,Female,2015-08-07 14:42:44
656,Ryan,Stephens,rstephensi7@bloomberg.com,Male,2016-01-21 13:09:48
657,Billy,Bishop,bbishopi8@spotify.com,Male,2015-09-06 12:51:56
658,Patricia,Lane,planei9@plala.or.jp,Female,2015-10-02 08:48:24
659,Nicholas,Taylor,ntayloria@bigcartel.com,Male,2016-04-24 05:44:51
660,Brandon,Carr,bcarrib@hhs.gov,Male,2015-08-10 06:33:52
661,Robert,Murray,rmurrayic@nationalgeographic.com,Male,2015-07-07 19:50:21
662,Ernest,Cunningham,ecunninghamid@123-reg.co.uk,Male,2015-07-25 23:54:53
663,Andrew,Butler,abutlerie@mashable.com,Male,2015-09-08 09:16:47
664,Pamela,Gomez,pgomezif@macromedia.com,Female,2015-11-30 14:46:56
665,Jonathan,Nichols,jnicholsig@joomla.org,Male,2015-08-10 18:31:24
666,Doris,Stewart,dstewartih@umich.edu,Female,2015-12-20 03:24:22
667,Mark,George,mgeorgeii@ted.com,Male,2016-01-21 02:48:01
668,Tammy,Nichols,tnicholsij@lycos.com,Female,2015-12-09 10:54:26
669,Janet,Spencer,jspencerik@census.gov,Female,2015-07-14 09:39:58
670,Nicholas,Baker,nbakeril@goodreads.com,Male,2016-04-09 05:45:14
671,Scott,Bennett,sbennettim@shareasale.com,Male,2016-06-24 00:34:24
672,Jane,Carr,jcarrin@google.de,Female,2015-11-04 02:04:08
673,Judith,Young,jyoungio@paypal.com,Female,2015-06-30 04:38:46
674,David,Ruiz,druizip@amazon.co.uk,Male,2016-01-20 10:48:01
675,Billy,Watkins,bwatkinsiq@usa.gov,Male,2015-10-13 01:35:27
676,Gerald,Bishop,gbishopir@prweb.com,Male,2015-12-01 14:15:40
677,Bobby,Kim,bkimis@europa.eu,Male,2015-08-30 10:52:45
678,Anne,Peterson,apetersonit@networkadvertising.org,Female,2016-03-03 05:50:49
679,Russell,Matthews,rmatthewsiu@dell.com,Male,2015-07-29 13:29:24
680,Phillip,Ford,pfordiv@bandcamp.com,Male,2015-10-31 09:42:02
681,Brandon,Morales,bmoralesiw@elpais.com,Male,2016-01-31 07:55:42
682,Carl,Lee,cleeix@about.me,Male,2016-02-03 14:18:58
683,Justin,Thompson,jthompsoniy@arizona.edu,Male,2016-06-12 17:10:27
684,Rachel,Ross,rrossiz@wordpress.org,Female,2015-09-18 22:26:30
685,Betty,Watkins,bwatkinsj0@g.co,Female,2016-05-28 11:39:00
686,Mildred,Evans,mevansj1@pagesperso-orange.fr,Female,2016-06-03 04:21:12
687,Benjamin,Williams,bwilliamsj2@narod.ru,Male,2015-07-04 16:50:49
688,Edward,Harris,eharrisj3@lycos.com,Male,2016-06-18 00:43:52
689,Ann,Reed,areedj4@youku.com,Female,2015-12-12 23:29:24
690,Ruth,Hart,rhartj5@topsy.com,Female,2015-07-29 07:55:57
691,Deborah,Castillo,dcastilloj6@over-blog.com,Female,2016-06-27 03:06:55
692,Steven,Johnson,sjohnsonj7@cloudflare.com,Male,2016-05-01 04:27:24
693,Beverly,Harvey,bharveyj8@flavors.me,Female,2016-06-04 21:17:58
694,Chris,Barnes,cbarnesj9@bandcamp.com,Male,2016-02-08 15:24:10
695,Juan,Franklin,jfranklinja@canalblog.com,Male,2016-01-14 04:32:13
696,Lillian,Hansen,lhansenjb@printfriendly.com,Female,2016-01-22 23:55:38
697,Lori,Phillips,lphillipsjc@phpbb.com,Female,2015-12-29 21:04:06
698,Alice,Tucker,atuckerjd@reddit.com,Female,2015-12-01 12:04:58
699,Jessica,Gutierrez,jgutierrezje@wikipedia.org,Female,2016-02-27 23:14:56
700,Julie,Simmons,jsimmonsjf@oaic.gov.au,Female,2016-06-05 03:40:45
701,Arthur,Burton,aburtonjg@soup.io,Male,2015-08-05 06:12:13
702,Michael,Mendoza,mmendozajh@timesonline.co.uk,Male,2016-05-06 05:01:21
703,Beverly,Wood,bwoodji@microsoft.com,Female,2015-12-04 09:40:17
704,Scott,Carr,scarrjj@a8.net,Male,2015-08-09 20:57:56
705,Jennifer,Perez,jperezjk@ycombinator.com,Female,2016-05-10 06:07:35
706,Kathleen,Hunt,khuntjl@irs.gov,Female,2015-12-14 17:29:31
707,Rachel,Smith,rsmithjm@salon.com,Female,2015-10-31 22:06:16
708,Gloria,Kim,gkimjn@upenn.edu,Female,2015-12-07 07:06:42
709,Michelle,Richards,mrichardsjo@amazon.co.uk,Female,2015-12-22 08:38:34
710,Earl,Alvarez,ealvarezjp@purevolume.com,Male,2016-02-19 03:53:52
711,Gloria,Bennett,gbennettjq@uol.com.br,Female,2016-06-06 20:58:33
712,Karen,Johnson,kjohnsonjr@g.co,Female,2015-07-11 05:08:16
713,Kenneth,Alexander,kalexanderjs@ftc.gov,Male,2015-07-09 05:19:48
714,Kimberly,Griffin,kgriffinjt@twitter.com,Female,2015-06-29 17:11:06
715,Benjamin,Clark,bclarkju@1688.com,Male,2015-08-13 18:59:15
716,John,George,jgeorgejv@biblegateway.com,Male,2015-10-14 13:37:35
717,Patrick,Hansen,phansenjw@dagondesign.com,Male,2016-02-12 18:50:31
718,Arthur,Kennedy,akennedyjx@sciencedirect.com,Male,2015-12-04 21:14:21
719,Frances,White,fwhitejy@woothemes.com,Female,2015-08-26 03:44:54
720,Richard,Gonzalez,rgonzalezjz@weebly.com,Male,2016-02-29 14:48:48
721,Rachel,Ramirez,rramirezk0@blogtalkradio.com,Female,2016-06-15 17:25:05
722,Mildred,Hernandez,mhernandezk1@jugem.jp,Female,2015-07-26 00:13:17
723,Eugene,Lawrence,elawrencek2@time.com,Male,2016-05-07 05:33:51
724,Eric,Perkins,eperkinsk3@buzzfeed.com,Male,2015-07-08 18:24:34
725,Eric,Harrison,eharrisonk4@cdbaby.com,Male,2016-04-29 03:36:58
726,Larry,Bell,lbellk5@networkadvertising.org,Male,2016-01-10 13:51:59
727,Charles,Little,clittlek6@xinhuanet.com,Male,2016-02-27 22:37:29
728,Phillip,Burke,pburkek7@jugem.jp,Male,2015-11-22 01:11:38
729,Rebecca,Scott,rscottk8@mediafire.com,Female,2015-07-31 14:36:46
730,Joshua,Rose,jrosek9@xrea.com,Male,2015-10-11 02:45:08
731,Heather,Ellis,helliska@java.com,Female,2015-08-26 19:58:21
732,Nicholas,Dixon,ndixonkb@tripadvisor.com,Male,2016-04-04 16:13:59
733,Margaret,Lee,mleekc@adobe.com,Female,2016-05-05 09:06:37
734,Elizabeth,Cruz,ecruzkd@latimes.com,Female,2016-06-20 22:04:05
735,Lillian,Ford,lfordke@google.co.jp,Female,2016-01-09 15:34:56
736,Howard,Ruiz,hruizkf@china.com.cn,Male,2016-06-26 01:59:08
737,Ann,Baker,abakerkg@ebay.co.uk,Female,2016-01-08 19:54:40
738,Johnny,Perkins,jperkinskh@marriott.com,Male,2015-12-02 02:35:14
739,Jessica,Wood,jwoodki@google.com.hk,Female,2016-03-10 03:55:47
740,Diane,Burns,dburnskj@jimdo.com,Female,2015-11-14 11:09:30
741,Steve,Johnson,sjohnsonkk@telegraph.co.uk,Male,2015-11-06 00:23:35
742,Charles,Bryant,cbryantkl@people.com.cn,Male,2016-04-04 20:51:37
743,Rose,Willis,rwilliskm@techcrunch.com,Female,2015-09-16 00:21:29
744,Raymond,Romero,rromerokn@oaic.gov.au,Male,2016-05-30 09:46:01
745,Lori,Mitchell,lmitchellko@smugmug.com,Female,2015-09-23 13:23:33
746,Joyce,Ward,jwardkp@e-recht24.de,Female,2015-07-09 12:02:34
747,Ernest,Evans,eevanskq@webs.com,Male,2016-04-27 08:44:24
748,Richard,Weaver,rweaverkr@census.gov,Male,2015-12-02 12:27:31
749,Donald,Watkins,dwatkinsks@jimdo.com,Male,2015-10-11 19:14:54
750,Roy,Lewis,rlewiskt@timesonline.co.uk,Male,2016-06-27 20:11:20
751,Martin,Evans,mevansku@acquirethisname.com,Male,2016-01-14 04:11:59
752,Tina,Harper,tharperkv@reference.com,Female,2015-10-04 00:00:00
753,Justin,Davis,jdaviskw@mapquest.com,Male,2016-05-13 20:32:26
754,Terry,Meyer,tmeyerkx@berkeley.edu,Male,2016-02-09 16:17:36
755,Heather,Olson,holsonky@accuweather.com,Female,2015-12-08 22:19:30
756,Jack,Carroll,jcarrollkz@admin.ch,Male,2015-11-08 09:49:24
757,Phillip,Watson,pwatsonl0@comcast.net,Male,2016-02-01 16:03:39
758,Lori,Bryant,lbryantl1@cyberchimps.com,Female,2015-09-13 01:36:54
759,Bonnie,Freeman,bfreemanl2@irs.gov,Female,2016-04-18 22:06:41
760,Brian,Cunningham,bcunninghaml3@reverbnation.com,Male,2016-06-12 23:06:34
761,Jose,Romero,jromerol4@themeforest.net,Male,2016-06-19 09:37:57
762,Gerald,Carr,gcarrl5@nhs.uk,Male,2016-02-28 20:30:50
763,Judy,Cruz,jcruzl6@plala.or.jp,Female,2016-05-03 07:42:28
764,Jack,Peterson,jpetersonl7@europa.eu,Male,2015-12-29 01:07:58
765,Johnny,Johnston,jjohnstonl8@cloudflare.com,Male,2015-08-10 21:35:38
766,David,Fox,dfoxl9@theguardian.com,Male,2016-01-31 21:04:32
767,Todd,Bishop,tbishopla@dailymotion.com,Male,2015-08-17 10:56:26
768,Frances,Riley,frileylb@sourceforge.net,Female,2015-12-04 14:23:43
769,Daniel,Robinson,drobinsonlc@discuz.net,Male,2015-09-24 00:12:57
770,Julie,Lawson,jlawsonld@jalbum.net,Female,2015-07-21 22:36:28
771,Alan,Chavez,achavezle@toplist.cz,Male,2016-02-15 13:14:57
772,Kathy,Harris,kharrislf@aboutads.info,Female,2016-04-03 03:18:19
773,Lori,Nelson,lnelsonlg@marketwatch.com,Female,2015-07-26 16:54:38
774,Albert,Spencer,aspencerlh@spotify.com,Male,2016-03-29 07:36:27
775,Thomas,Hudson,thudsonli@sciencedaily.com,Male,2015-07-22 01:51:12
776,Mildred,Bryant,mbryantlj@amazon.de,Female,2015-10-14 10:44:16
777,Brian,Ray,braylk@prnewswire.com,Male,2015-12-01 08:35:41
778,Mark,Duncan,mduncanll@quantcast.com,Male,2015-12-26 17:04:55
779,Kathryn,Barnes,kbarneslm@digg.com,Female,2015-09-24 14:38:05
780,Clarence,Dixon,cdixonln@army.mil,Male,2016-03-26 18:08:07
781,Tina,Larson,tlarsonlo@wsj.com,Female,2015-12-29 20:30:42
782,Nicole,Lopez,nlopezlp@paginegialle.it,Female,2016-03-19 03:51:09
783,Robert,Sims,rsimslq@yellowpages.com,Male,2016-03-14 01:03:20
784,Norma,Peters,npeterslr@yale.edu,Female,2015-12-14 04:40:40
785,Aaron,Rivera,ariverals@reference.com,Male,2015-08-03 18:26:03
786,Joseph,Moreno,jmorenolt@craigslist.org,Male,2015-08-21 13:41:39
787,Carolyn,Black,cblacklu@php.net,Female,2016-06-01 10:08:37
788,Ryan,Martin,rmartinlv@harvard.edu,Male,2016-06-28 14:33:54
789,Doris,Anderson,dandersonlw@wp.com,Female,2016-05-19 11:36:18
790,Kathy,Johnston,kjohnstonlx@odnoklassniki.ru,Female,2015-10-10 12:50:24
791,Denise,Ramirez,dramirezly@cisco.com,Female,2016-02-14 10:06:49
792,Lois,Harris,lharrislz@weibo.com,Female,2015-09-27 16:27:33
793,Martha,Dunn,mdunnm0@nsw.gov.au,Female,2015-11-29 04:19:31
794,Brian,Mitchell,bmitchellm1@blogger.com,Male,2016-02-03 07:38:06
795,Robin,Black,rblackm2@vinaora.com,Female,2015-12-12 10:37:02
796,Victor,Clark,vclarkm3@typepad.com,Male,2015-11-10 15:17:50
797,Doris,Boyd,dboydm4@angelfire.com,Female,2015-10-14 00:18:43
798,Nancy,Green,ngreenm5@canalblog.com,Female,2015-07-24 20:27:44
799,Amanda,Morris,amorrism6@twitter.com,Female,2015-08-09 09:03:18
800,Christine,Mills,cmillsm7@nytimes.com,Female,2016-06-04 21:33:45
801,Fred,Ortiz,fortizm8@admin.ch,Male,2015-11-28 01:25:55
802,Angela,Gordon,agordonm9@github.com,Female,2016-06-03 08:06:25
803,Diana,Gordon,dgordonma@addthis.com,Female,2015-08-02 07:26:29
804,Clarence,Peters,cpetersmb@engadget.com,Male,2015-12-15 17:49:58
805,Victor,Johnson,vjohnsonmc@mapy.cz,Male,2015-09-09 04:21:50
806,Patricia,Wheeler,pwheelermd@ask.com,Female,2016-01-28 10:23:44
807,Kathleen,Kelly,kkellyme@cisco.com,Female,2015-07-16 00:22:55
808,Joe,Young,jyoungmf@un.org,Male,2016-04-08 01:51:59
809,Todd,Dean,tdeanmg@army.mil,Male,2015-07-20 20:39:15
810,James,Ortiz,jortizmh@telegraph.co.uk,Male,2016-05-10 06:19:20
811,Charles,Cruz,ccruzmi@rakuten.co.jp,Male,2016-04-01 03:07:37
812,Phyllis,Hudson,phudsonmj@shinystat.com,Female,2016-01-20 04:30:07
813,Beverly,Rogers,brogersmk@nytimes.com,Female,2015-07-31 23:19:09
814,Louis,Hughes,lhughesml@forbes.com,Male,2015-11-25 01:11:15
815,Pamela,Wheeler,pwheelermm@independent.co.uk,Female,2016-03-12 23:29:10
816,Sharon,Reid,sreidmn@hugedomains.com,Female,2016-04-07 13:55:26
817,Rose,Stephens,rstephensmo@wordpress.com,Female,2016-03-08 22:21:26
818,Ernest,Stone,estonemp@loc.gov,Male,2016-06-01 22:51:43
819,Joyce,Hughes,jhughesmq@bizjournals.com,Female,2016-04-21 13:05:03
820,Robin,Cooper,rcoopermr@chronoengine.com,Female,2016-02-26 14:53:56
821,Andrew,Carter,acarterms@nba.com,Male,2015-10-27 11:50:05
822,Brian,Gibson,bgibsonmt@amazon.com,Male,2016-02-07 11:54:45
823,Cynthia,Moore,cmooremu@mapquest.com,Female,2016-04-09 04:14:55
824,Matthew,Phillips,mphillipsmv@cnn.com,Male,2015-10-08 01:29:52
825,Maria,Henderson,mhendersonmw@rambler.ru,Female,2016-02-14 10:38:43
826,Kevin,Gardner,kgardnermx@msu.edu,Male,2015-12-19 14:26:20
827,Willie,Patterson,wpattersonmy@examiner.com,Male,2016-04-11 16:13:48
828,Tina,Porter,tportermz@vinaora.com,Female,2015-12-31 15:02:53
829,Teresa,Wheeler,twheelern0@tripadvisor.com,Female,2015-08-26 00:24:59
830,Martha,Hughes,mhughesn1@deliciousdays.com,Female,2016-05-17 22:26:04
831,Carolyn,Wright,cwrightn2@de.vu,Female,2016-04-21 07:17:46
832,Mildred,Austin,maustinn3@ameblo.jp,Female,2016-01-09 10:04:10
833,Emily,Morrison,emorrisonn4@stumbleupon.com,Female,2016-01-10 02:41:43
834,Janet,Hamilton,jhamiltonn5@home.pl,Female,2016-03-23 10:39:17
835,Kathleen,Perry,kperryn6@posterous.com,Female,2015-11-17 01:09:05
836,Ashley,Torres,atorresn7@hostgator.com,Female,2015-11-06 11:27:20
837,Dennis,Castillo,dcastillon8@storify.com,Male,2015-11-07 21:25:53
838,Cynthia,Ferguson,cfergusonn9@vkontakte.ru,Female,2015-12-15 00:01:50
839,Jeremy,Dean,jdeanna@chicagotribune.com,Male,2016-05-24 06:42:55
840,Ann,Richardson,arichardsonnb@trellian.com,Female,2015-11-29 22:37:18
841,Carl,Cox,ccoxnc@rediff.com,Male,2015-09-21 15:14:35
842,Martin,Kennedy,mkennedynd@cbslocal.com,Male,2015-11-09 08:40:52
843,Henry,Lawson,hlawsonne@ox.ac.uk,Male,2015-12-04 07:50:40
844,Martha,Russell,mrussellnf@nasa.gov,Female,2016-06-13 04:01:36
845,Charles,Hill,chillng@xing.com,Male,2015-10-07 16:45:15
846,Philip,George,pgeorgenh@senate.gov,Male,2016-04-18 16:15:28
847,Judy,Ryan,jryanni@accuweather.com,Female,2015-09-17 08:29:28
848,Jesse,Martinez,jmartineznj@google.co.uk,Male,2015-08-27 03:20:33
849,Jeffrey,Gilbert,jgilbertnk@nbcnews.com,Male,2016-04-02 21:42:16
850,Daniel,Davis,ddavisnl@amazonaws.com,Male,2015-08-20 07:17:33
851,Shirley,Moreno,smorenonm@goodreads.com,Female,2016-04-30 21:10:53
852,Virginia,Powell,vpowellnn@businesswire.com,Female,2015-08-30 04:52:46
853,Karen,Griffin,kgriffinno@qq.com,Female,2016-06-12 19:22:15
854,Rebecca,Day,rdaynp@hatena.ne.jp,Female,2015-09-27 14:47:17
855,Christine,Reyes,creyesnq@nymag.com,Female,2016-01-03 21:50:50
856,Paul,Banks,pbanksnr@hostgator.com,Male,2015-09-18 18:02:43
857,Brandon,West,bwestns@indiegogo.com,Male,2016-06-21 12:16:36
858,Virginia,Price,vpricent@ning.com,Female,2016-02-24 11:35:05
859,Jesse,Harris,jharrisnu@nydailynews.com,Male,2015-12-20 03:28:09
860,Michelle,Howard,mhowardnv@wikia.com,Female,2016-05-30 22:26:39
861,Nicole,Ramos,nramosnw@gmpg.org,Female,2016-03-26 00:43:44
862,Jean,Hunt,jhuntnx@msn.com,Female,2015-12-01 06:07:48
863,Michelle,Sullivan,msullivanny@barnesandnoble.com,Female,2016-02-25 19:48:50
864,Brian,Cole,bcolenz@shinystat.com,Male,2016-01-07 11:11:22
865,Justin,Richardson,jrichardsono0@mayoclinic.com,Male,2016-04-09 17:46:13
866,Jeffrey,Henry,jhenryo1@miibeian.gov.cn,Male,2016-06-15 07:01:35
867,Randy,Reid,rreido2@vkontakte.ru,Male,2015-07-10 04:18:39
868,Kelly,Howell,khowello3@is.gd,Female,2015-11-12 06:18:37
869,Carolyn,Arnold,carnoldo4@mozilla.com,Female,2015-10-15 08:13:31
870,Russell,Mcdonald,rmcdonaldo5@photobucket.com,Male,2015-11-21 02:40:41
871,Ruth,Harper,rharpero6@latimes.com,Female,2016-03-14 03:55:25
872,William,Green,wgreeno7@kickstarter.com,Male,2016-02-20 11:44:51
873,Michelle,Little,mlittleo8@hibu.com,Female,2016-05-30 23:50:08
874,Kelly,Gardner,kgardnero9@home.pl,Female,2016-01-02 06:57:50
875,Annie,Murray,amurrayoa@over-blog.com,Female,2016-03-10 21:57:02
876,Anna,Stone,astoneob@phoca.cz,Female,2015-12-17 09:30:36
877,Jesse,Duncan,jduncanoc@google.ca,Male,2015-12-31 06:46:20
878,Walter,Moreno,wmorenood@msn.com,Male,2015-10-03 14:15:31
879,Tina,Patterson,tpattersonoe@youtube.com,Female,2015-12-15 09:42:31
880,William,Jacobs,wjacobsof@imageshack.us,Male,2016-01-04 08:12:38
881,Alice,Arnold,aarnoldog@salon.com,Female,2015-12-26 14:43:45
882,Sarah,Warren,swarrenoh@state.tx.us,Female,2015-12-14 16:28:25
883,Helen,Harvey,hharveyoi@ucla.edu,Female,2015-08-04 22:21:30
884,Kelly,Bryant,kbryantoj@boston.com,Female,2016-03-10 19:17:44
885,Gloria,Wagner,gwagnerok@discovery.com,Female,2015-11-14 23:35:45
886,Lois,Fuller,lfullerol@webs.com,Female,2016-01-10 19:37:05
887,Aaron,James,ajamesom@aboutads.info,Male,2015-09-06 19:54:42
888,David,Cook,dcookon@prlog.org,Male,2015-09-26 23:29:30
889,Eric,Rose,eroseoo@columbia.edu,Male,2016-03-16 21:59:24
890,Norma,Martin,nmartinop@freewebs.com,Female,2016-05-04 07:39:21
891,Brandon,Olson,bolsonoq@cdbaby.com,Male,2015-08-06 14:48:48
892,Steven,Rogers,srogersor@fc2.com,Male,2016-01-08 02:11:31
893,Matthew,Flores,mfloresos@dot.gov,Male,2015-12-21 18:01:33
894,Kimberly,Foster,kfosterot@example.com,Female,2016-05-11 01:22:31
895,Ann,Lawrence,alawrenceou@e-recht24.de,Female,2016-05-21 07:32:45
896,Ralph,Barnes,rbarnesov@flavors.me,Male,2016-01-31 00:32:25
897,Benjamin,Bishop,bbishopow@smh.com.au,Male,2015-09-05 07:19:10
898,Russell,Elliott,relliottox@wikipedia.org,Male,2015-07-16 21:55:42
899,Jeffrey,Burns,jburnsoy@jugem.jp,Male,2016-02-12 17:40:12
900,Lillian,Johnston,ljohnstonoz@google.com.au,Female,2015-12-08 23:55:11
901,Eugene,Lane,elanep0@sbwire.com,Male,2015-11-22 04:26:06
902,Angela,Hamilton,ahamiltonp1@yelp.com,Female,2016-03-15 18:07:36
903,Alan,Morales,amoralesp2@ca.gov,Male,2015-08-29 10:00:38
904,Paul,Davis,pdavisp3@unblog.fr,Male,2015-11-13 01:08:19
905,Tina,Larson,tlarsonp4@theglobeandmail.com,Female,2016-05-11 08:28:36
906,Michael,Berry,mberryp5@npr.org,Male,2016-06-18 21:46:05
907,William,Bennett,wbennettp6@yahoo.com,Male,2015-09-25 16:29:38
908,Pamela,Ramos,pramosp7@blogger.com,Female,2015-08-14 15:17:15
909,Barbara,Thompson,bthompsonp8@zimbio.com,Female,2015-11-25 05:16:50
910,Henry,Andrews,handrewsp9@flickr.com,Male,2015-11-13 02:51:00
911,Andrea,Burke,aburkepa@odnoklassniki.ru,Female,2015-07-06 12:42:47
912,Michael,Porter,mporterpb@prnewswire.com,Male,2015-12-06 14:13:03
913,Jack,Hill,jhillpc@hc360.com,Male,2016-01-15 09:40:07
914,Andrew,Howell,ahowellpd@noaa.gov,Male,2015-10-30 18:20:16
915,Marie,Olson,molsonpe@wp.com,Female,2015-08-18 03:01:24
916,Earl,Franklin,efranklinpf@illinois.edu,Male,2016-02-12 00:36:29
917,Mark,Garza,mgarzapg@qq.com,Male,2015-12-21 23:01:21
918,Rose,Gardner,rgardnerph@cpanel.net,Female,2016-05-17 09:21:52
919,Ann,Long,alongpi@twitpic.com,Female,2015-07-10 16:08:06
920,Nicholas,Snyder,nsnyderpj@washingtonpost.com,Male,2015-10-02 08:58:13
921,Amy,Greene,agreenepk@people.com.cn,Female,2016-03-13 18:18:39
922,Roy,Woods,rwoodspl@usatoday.com,Male,2015-08-31 23:56:49
923,Matthew,Harrison,mharrisonpm@rambler.ru,Male,2015-08-16 17:30:05
924,Mark,Kelly,mkellypn@wix.com,Male,2016-03-01 20:06:09
925,Margaret,Morris,mmorrispo@diigo.com,Female,2015-08-02 04:37:08
926,Alan,Andrews,aandrewspp@ca.gov,Male,2016-03-31 22:10:18
927,Norma,Reyes,nreyespq@tamu.edu,Female,2016-06-26 14:01:15
928,Betty,Mcdonald,bmcdonaldpr@sciencedaily.com,Female,2015-11-04 11:07:24
929,Christine,Ross,crossps@upenn.edu,Female,2016-04-17 09:06:44
930,Judith,Boyd,jboydpt@irs.gov,Female,2015-11-26 08:33:38
931,Lillian,Woods,lwoodspu@state.tx.us,Female,2016-04-14 16:30:40
932,Clarence,Andrews,candrewspv@1und1.de,Male,2015-09-09 05:04:18
933,Jerry,Young,jyoungpw@japanpost.jp,Male,2016-03-08 21:37:11
934,Richard,Gordon,rgordonpx@nyu.edu,Male,2016-02-18 11:05:10
935,Patricia,Baker,pbakerpy@sbwire.com,Female,2016-06-10 05:34:29
936,Harold,Fields,hfieldspz@360.cn,Male,2015-11-22 14:18:07
937,Julie,Dixon,jdixonq0@google.fr,Female,2016-02-02 08:02:19
938,Annie,Watson,awatsonq1@phpbb.com,Female,2015-10-17 06:49:58
939,Jose,Jacobs,jjacobsq2@bloglovin.com,Male,2016-06-22 06:07:39
940,Daniel,Wells,dwellsq3@sun.com,Male,2016-04-08 21:13:37
941,Jessica,Olson,jolsonq4@answers.com,Female,2015-10-15 10:23:36
942,William,Mason,wmasonq5@abc.net.au,Male,2015-09-08 15:58:34
943,Jimmy,Armstrong,jarmstrongq6@eepurl.com,Male,2015-11-08 11:02:08
944,Cynthia,Kennedy,ckennedyq7@yelp.com,Female,2016-06-13 04:39:38
945,Anthony,Woods,awoodsq8@senate.gov,Male,2015-07-24 10:31:26
946,Jack,Dixon,jdixonq9@nymag.com,Male,2015-10-30 18:55:40
947,Kimberly,Dunn,kdunnqa@tripod.com,Female,2015-07-18 07:12:00
948,Aaron,Brown,abrownqb@chron.com,Male,2016-06-08 06:10:18
949,Billy,Hernandez,bhernandezqc@naver.com,Male,2016-05-22 14:23:59
950,Arthur,Ross,arossqd@flavors.me,Male,2015-12-15 04:44:36
951,Bruce,King,bkingqe@sfgate.com,Male,2016-06-21 17:47:55
952,Russell,Dixon,rdixonqf@businessweek.com,Male,2015-12-10 04:48:35
953,Joyce,Morales,jmoralesqg@chron.com,Female,2015-09-19 15:19:11
954,Christina,Grant,cgrantqh@wordpress.com,Female,2016-01-30 18:47:43
955,Gary,Martinez,gmartinezqi@blogs.com,Male,2015-10-28 05:47:04
956,Anthony,Lee,aleeqj@wikipedia.org,Male,2016-03-11 21:13:52
957,Judy,Black,jblackqk@networkadvertising.org,Female,2016-02-06 18:29:15
958,Adam,Sullivan,asullivanql@senate.gov,Male,2015-07-17 08:57:34
959,Karen,Chapman,kchapmanqm@indiatimes.com,Female,2015-08-08 17:46:07
960,Karen,Lynch,klynchqn@google.ca,Female,2016-05-20 02:25:30
961,Victor,Matthews,vmatthewsqo@friendfeed.com,Male,2016-04-22 05:33:27
962,Ashley,Daniels,adanielsqp@devhub.com,Female,2015-08-26 08:34:26
963,Johnny,Garza,jgarzaqq@engadget.com,Male,2016-03-12 19:19:20
964,Beverly,Mason,bmasonqr@imageshack.us,Female,2015-10-10 06:01:56
965,Nancy,Moreno,nmorenoqs@census.gov,Female,2015-12-27 14:57:18
966,Barbara,Sanders,bsandersqt@drupal.org,Female,2016-04-19 09:57:46
967,Cynthia,Elliott,celliottqu@fda.gov,Female,2016-05-09 20:31:12
968,Carol,Baker,cbakerqv@harvard.edu,Female,2016-05-20 13:11:26
969,Jerry,Ortiz,jortizqw@unesco.org,Male,2015-10-09 01:28:33
970,Brandon,Barnes,bbarnesqx@gravatar.com,Male,2015-11-24 20:16:09
971,Louis,Fowler,lfowlerqy@sphinn.com,Male,2016-01-04 18:54:05
972,Catherine,Carr,ccarrqz@cocolog-nifty.com,Female,2015-07-30 18:51:00
973,Julia,Garcia,jgarciar0@microsoft.com,Female,2016-03-08 02:58:17
974,Brandon,Simmons,bsimmonsr1@w3.org,Male,2015-11-06 10:50:20
975,Martha,Lewis,mlewisr2@unicef.org,Female,2015-12-06 02:31:41
976,Samuel,Garza,sgarzar3@vkontakte.ru,Male,2015-07-27 00:17:37
977,Robin,Freeman,rfreemanr4@walmart.com,Female,2015-12-14 07:22:34
978,Phyllis,Fowler,pfowlerr5@multiply.com,Female,2015-11-07 03:03:54
979,Jane,Bennett,jbennettr6@github.io,Female,2016-03-30 06:53:17
980,Rebecca,Ramos,rramosr7@blogs.com,Female,2016-03-11 23:13:45
981,Chris,Washington,cwashingtonr8@51.la,Male,2016-05-07 18:21:59
982,William,Stewart,wstewartr9@exblog.jp,Male,2015-09-07 10:02:45
983,Theresa,Andrews,tandrewsra@drupal.org,Female,2016-01-06 23:44:43
984,Kathy,Lawson,klawsonrb@technorati.com,Female,2016-05-06 00:48:33
985,Denise,Hall,dhallrc@parallels.com,Female,2015-07-11 11:56:26
986,Gloria,Thomas,gthomasrd@wikia.com,Female,2016-03-13 16:31:08
987,Stephanie,Davis,sdavisre@cpanel.net,Female,2015-09-15 05:00:22
988,Bonnie,Nichols,bnicholsrf@vimeo.com,Female,2015-07-08 21:33:35
989,Heather,Arnold,harnoldrg@google.nl,Female,2016-03-18 23:04:00
990,Ernest,Welch,ewelchrh@google.com.au,Male,2016-06-27 13:21:23
991,Richard,Washington,rwashingtonri@blinklist.com,Male,2016-03-14 15:10:49
992,Fred,Olson,folsonrj@home.pl,Male,2015-12-03 04:17:52
993,Wanda,Perkins,wperkinsrk@hostgator.com,Female,2015-09-11 13:54:30
994,Donald,Larson,dlarsonrl@amazon.co.jp,Male,2015-12-30 17:26:45
995,Angela,Lopez,alopezrm@usda.gov,Female,2016-06-02 10:47:36
996,Jean,Carter,jcarterrn@joomla.org,Female,2015-07-05 09:06:53
997,Christina,Carpenter,ccarpenterro@ca.gov,Female,2016-06-16 00:29:10
998,Jonathan,Hudson,jhudsonrp@flickr.com,Male,2016-05-15 11:33:31
999,Phyllis,Peters,ppetersrq@diigo.com,Female,2015-06-30 07:53:15
1000,Billy,Mccoy,bmccoyrr@sitemeter.com,Male,2016-02-16 19:31:26
